username,contact,following_count,category
itsAbby-103043374799622,"/itsabbyyang
Facebook
_bubblyabby_
Instagram
itsAbby
YouTube
_bubblyabby_
Twitter
_bubblyabby_
TikTok",,Personal blog
dechinghutay,"/dechinghutay
Facebook",141,Interest
AmbassadeChine,"20 rue monsieur, Paris, France, 75007
Address
/AmbassadeChine
Facebook
ambassadedechine
Instagram
https://www.tiktok.com/@ambassadedechine?_t=8ZLVYCvHwIv&_r=1
TikTok",55,Consulate & Embassy
profile.php?id=100091791662713,"447,Avenue des Aviateurs Gombe, Kinshasa, RDC
Address",3,Consulate & Embassy
chineseembassyitaly,"Via bruxelles 56, Rome, Italy, 00198
Address
/chineseembassyitaly
Facebook
ambcina
Instagram
https://twitter.com/AmbCina
Twitter
tiktok.com/@ambcina
TikTok",10,Government organization
AmbLiaoliqiang,"/AmbLiaoliqiang
Facebook",5,Government Official
themediachallengers,"/themediachallengers
Facebook",,Media/news company
reportsonchina,"/reportsonchina
Facebook",,Video creator
WeAreChinaVideos,"Beijing, China
Address
/WeAreChinaVideos
Facebook",,Interest
cgtnassignmentasia,"/cgtnassignmentasia
Facebook",,Interest
AyishaElseenyOfficial,"/AyishaElseenyOfficial
Facebook
ayisha_elseeny13
Instagram
ayishaelseenya
TikTok",,Personal blog
China.Di8,"花園街2-16號好景商業中心2304室, Kowloon, Hong Kong, 999077
Address
/China.Di8
Facebook",,Media/news company
DiscoverJiangxi2018,"/DiscoverJiangxi2018
Facebook",,Nonprofit organization
DiscoverBeijing,"/DiscoverBeijing
Facebook",,Society & culture website
BJReview,"/BJReview
Facebook",,Media/news company
TheBeltandRoadNewsNetwork,"People's Daily, No. 2, Jintai Xilu, Chaoyang District
Address
/TheBeltandRoadNewsNetwork
Facebook",,Local business
profile.php?id=100071253341591,"No.1, Zhou-Enlai Avenue, Diplomatic Enclave(Extension), Islamabad, Pakistan
Address",,Consulate & Embassy
cctvxinwen,"/cctvxinwen
Facebook",,Media/news company
chinadailyhkedition,"Unit 1818, Hing Wai Centre, 7 Tin Wan Praya Road, Aberdeen, Hong Kong, Hong Kong
Address
/chinadailyhkedition
Facebook",,Media/news company
ChinaDailySciTech,"/ChinaDailySciTech
Facebook",,News & media website
jasminecenz,"/jasminecenz
Facebook",,Journalist
cgtn.inheritors,"/cgtn.inheritors
Facebook",,TV show
cgtnafrica,"Nairobi, Kenya
Address
/cgtnafrica
Facebook",,Media/news company
cgtnamerica,"/cgtnamerica
Facebook",,News & media website
CGTNDialogueideasmatter,"/CGTNDialogueideasmatter
Facebook",,TV show
cgtneuropeofficial,"/cgtneuropeofficial
Facebook
cgtneurope
Instagram
cgtneurope
TikTok
CGTNEurope
Twitter",,Media/news company
CGTNFrancais,"/CGTNFrancais
Facebook",,TV network
CGTNGlobalBusiness,"No. A-1, Guanghua Rd, Chaoyang District, Beijing, China, Beijing, China, 100020
Address
/CGTNGlobalBusiness
Facebook
https://www.youtube.com/channel/UC-Pq5M-yE8caR28E-VLK5JA
YouTube
https://twitter.com/CGTNGlobalBiz
Twitter",,Media/news company
CGTNGraphics,"Guanghua Rd, Beijing, China, 100026
Address
/CGTNGraphics
Facebook",,Media/news company
ChinaGlobalTVNetwork,"/ChinaGlobalTVNetwork
Facebook",,Media/news company
CGTNSportsScene,"/CGTNSportsScene
Facebook",,Media
CGTNStories,"No. 1, Guanghua Road, Chaoyang District, Beijing, China, 100026
Address
/CGTNStories
Facebook",,News & media website
CGTN-Tech-104251674369966,"/CGTNSciTech
Facebook",,News & media website
cgtntravelogue,"/cgtntravelogue
Facebook",,TV show
ChinaFocus2015,"Beijing, China
Address
/ChinaFocus2015
Facebook",,Media/news company
chinaembua,"/chinaembua
Facebook",,Government organization
xiamengov,"Xiamen, China
Address
/xiamengov
Facebook",,Government organization
China24Official,"/China24Official
Facebook",,News & media website
chinacultureorg,"/chinacultureorg
Facebook
https://twitter.com/chinacultureorg
Twitter
https://www.youtube.com/chinacultureorg
YouTube
china_culture
Instagram",,Government organization
chinadaily,"/chinadaily
Facebook
ChinaDaily
Twitter
chinadailynews
Instagram
chinadailyofficial
TikTok",,Newspaper
profile.php?id=100064477878508,"34，Boulevard des Martyrs，Alger，Algérie　, Algiers, Algeria
Address",,Government organization
ChineseEmbassyinAntiguaandBarbuda,"Marble Hill Road, P.O.Box 1446, Saint John, Antigua
Address
/ChineseEmbassyinAntiguaandBarbuda
Facebook",,Consulate & Embassy
ChinaembassyT,"/ChinaembassyT
Facebook",,Consulate & Embassy
profile.php?id=100090874324645,"6GMW+77، ضاحية السيف
Address",,Government organization
profile.php?id=100064680614335,,,Government organization
ChineseEmbassyInNZ,"Unit 2 6 Glenmore Street, Wellington, New Zealand, 17-257
Address
/ChineseEmbassyInNZ
Facebook",,Consulate & Embassy
chinaembnl,"Willem Lodewijklaan 10, The Hague, Netherlands, 2517 JT
Address
/chinaembnl
Facebook
ChinaEmbNL
Twitter
embassy-in-holland
WeChat",,Government organization
chinaorgcn,"Beijing, China, 100089
Address
/chinaorgcn
Facebook",,Media/news company
chinatodayreport,"100000
Address
/chinatodayreport
Facebook",,Media/news company
AmbChineMali,"Route de Koulikoro
Address
/AmbChineMali
Facebook",,Government organization
ChineAmbMaroc,"16, Avenue Ahmed Balafrej, Souissi, Rabat, Morocco
Address
/ChineAmbMaroc
Facebook
ChineAmbMaroc
Twitter",,Consulate & Embassy
ChineseEmbPNG,"Section 216, Lot 5, Waigani, NCD, Port Moresby, Papua New Guinea
Address
/ChineseEmbPNG
Facebook",,Government organization
Chinese.Emb.Uga,"/Chinese.Emb.Uga
Facebook",,Politician
Chinaemb.Jordan,"No.9 Jakarta Street, Rabyeh District, Um el-Summaq, Jordan, 11118
Address
/Chinaemb.Jordan
Facebook",,Government organization
AmbasadaChineiinRomania,"/AmbasadaChineiinRomania
Facebook",,Consulate & Embassy
ChineseEmbassyinUS,"3505 International Place, N.W., 20008
Address
/ChineseEmbassyinUS
Facebook
https://www.tiktok.com/@chineseembassyinus
TikTok",,Consulate & Embassy
chineseembtoyemen,"/chineseembtoyemen
Facebook",,Consulate & Embassy
CNAmbLR,"/CNAmbLR
Facebook",,Consulate & Embassy
chinainsa,"/chinainsa
Facebook",,Government organization
Chloezhoubeijing,"北京, Beijing, China
Address
/Chloezhoubeijing
Facebook",,Blogger
profile.php?id=100072261466319,"元麻布3-4-33, Minato, Tokyo, Japan, 1060046
Address",,Government organization
CriItaliano,"石景山区石景山路甲16号, Beijing, China, 100040
Address
/CriItaliano
Facebook",,Media/news company
cgtnclosertochina,"Beijing, China
Address
/cgtnclosertochina
Facebook",,Media/news company
